{"cameraMode":{"drawMode":0,"name":"Shaded","section":"Shading Mode"},"sceneLighting":true,"audioPlay":false,"sceneViewState":{"showFog":true,"showMaterialUpdate":false,"showSkybox":true,"showFlares":true,"showImageEffects":true,"showParticleSystems":true},"in2DMode":false,"pivot":{"x":557.4645385742188,"y":822.4838256835938,"z":8610.083984375},"rotation":{"x":0.023160163313150407,"y":-0.9515599012374878,"z":-0.07407400757074356,"w":-0.2975069284439087},"size":1694.5084228515625,"orthographic":false}